hash,date,bug,review,lines_added,lines_removed,num_revisions,time_uploaded,time_pushed,is_unittested,is_unittest_only,num_msg,time_plus2,num_unresolved_comments,assigned_category,manual_category,researcher1,researcher2,researcher2_category,final_category,disagreement,num_comments
a7e42aae3ca707217fa9af31b7e63259a00ed7b8,2018-03-07,crbug.com/782499,https://chromium-review.googlesource.com/963869,8,0,3,2018-03-15 04:34:32,2018-03-19 04:10:53,FALSE,FALSE,15,2018-03-19 00:34:35,1,Feature,RFE,Neil,colin,RFE,RFE,FALSE,1
82ac84383e722d482297cfd7f2453e5f6786c687,2017-10-25,crbug.com/757625,https://chromium-review.googlesource.com/738937,72,1,2,2017-10-26 02:18:51,2017-11-02 18:07:48,FALSE,FALSE,17,2017-10-30 22:29:50,1,Feature,RFE,Neil,colin,RFE,RFE,FALSE,11
1f9741a8fdcbeb665962dc8c2fa6ca89fa90f33e,2018-03-16,crbug.com/757625,https://chromium-review.googlesource.com/981048,4,0,3,2018-03-26 17:13:24,2018-04-12 01:10:18,FALSE,FALSE,13,2018-04-10 09:11:56,1,Feature,RFE,Neil,colin,RFE,RFE,FALSE,1
3e357af1537b99390e13f7fb941a670b235d7aa7,2018-07-18,crbug.com/864997,https://chromium-review.googlesource.com/1141955,3,1,1,2018-07-18 15:00:46,2018-07-19 13:12:43,FALSE,FALSE,13,2018-07-18 15:15:17,0,Bug,IMPR,Neil,colin,IMPR,IMPR,FALSE,0
a10ceb5ecfc549f20890eb7eeefe245f4aa6405e,2018-07-09,crbug.com/757625,https://chromium-review.googlesource.com/1130547,2,0,1,2018-07-09 23:27:16,2019-02-21 19:47:48,FALSE,FALSE,13,2018-07-12 16:38:27,0,Feature,REFAC,Neil,colin,RFE,RFE,TRUE,0
3f34c0b83617e7b803dc976912bfbb71779985cd,2018-01-02,crbug.com/386606,https://chromium-review.googlesource.com/847689,1,0,1,2018-01-02 21:20:58,2018-01-03 05:32:53,FALSE,FALSE,12,2018-01-02 21:27:48,0,Feature,RFE,Neil,colin,RFE,RFE,FALSE,0
55d5a266d41a05a5122ca1cf08be307ddb84d01a,2017-09-20,crbug.com/740063,https://chromium-review.googlesource.com/674491,2,0,1,2017-09-20 10:14:23,2017-09-21 12:42:24,FALSE,FALSE,13,2017-09-21 04:06:09,0,Bug,IMPR,Neil,colin,RFE,RFE,TRUE,0
a97e86d1c79af4c51e47789dae73e39ce2e8d1aa,2018-06-22,crbug.com/850807,https://chromium-review.googlesource.com/1112820,2,0,1,2018-06-23 00:49:49,2018-06-28 05:10:04,FALSE,FALSE,8,2018-06-27 21:43:11,0,Feature,IMPR,Neil,colin,RFE,RFE,TRUE,0
6f3a63003ab563dafc86f1f82bd54348bdceb083,2017-09-18,crbug.com/765644,https://chromium-review.googlesource.com/671268,58,0,4,2017-09-18 16:35:27,2017-10-07 22:33:59,FALSE,FALSE,30,2017-10-07 16:25:50,1,Bug,REFAC,Neil,colin,REFAC,REFAC,FALSE,12
813c56aeb1db811993aba34070f35cd714160c16,2018-07-12,crbug.com/853560,https://chromium-review.googlesource.com/1135900,9,0,1,2018-07-12 22:19:09,2018-07-14 00:30:10,FALSE,FALSE,12,2018-07-13 17:14:02,0,Feature,RFE,Neil,colin,RFE,RFE,FALSE,3
4d0a5c9394add11a505c3536bf8d81fceac1faca,2018-06-12,crbug.com/844079,https://chromium-review.googlesource.com/1096896,226,0,7,2018-06-12 07:44:53,2018-06-28 05:10:04,FALSE,FALSE,50,2018-06-26 17:23:14,1,Bug,BUG,Neil,colin,RFE,RFE,TRUE,8
74b1e48769456b54a4016831992a0ccf520a166e,2018-06-25,crbug.com/825010,https://chromium-review.googlesource.com/1113908,3,0,3,2018-06-25 16:59:55,2018-06-26 09:56:03,FALSE,FALSE,25,2018-06-25 19:35:17,0,Feature,RFE,Neil,colin,RFE,RFE,FALSE,6
a128677564bea7c778474752967509b3d739d22e,2018-03-12,crbug.com/812468,https://chromium-review.googlesource.com/959560,1,1,2,2018-03-12 21:50:55,2018-03-30 02:52:31,FALSE,FALSE,13,2018-03-13 18:03:46,0,Bug,RFE,Neil,colin,RFE,RFE,FALSE,0
4717511832b7e603dd5cb1954ad40238e021b18b,2018-08-07,crbug.com/863613,https://chromium-review.googlesource.com/1166455,1,0,1,2018-08-08 01:04:22,2018-08-08 20:46:23,FALSE,FALSE,14,2018-08-08 02:15:01,0,Feature,RFE,Neil,colin,RFE,RFE,FALSE,0
df77b5d48cae75b3243d7004855f57e045ef7318,2018-06-05,crbug.com/849318,https://chromium-review.googlesource.com/1086795,1,2,2,2018-06-05 08:10:57,2018-06-21 15:15:12,FALSE,FALSE,24,2018-06-20 14:33:07,0,Bug,BUG,Neil,colin,BUG,BUG,FALSE,0
d7d16254f5d56fc6bf12fb0f0e1a6ef4606075c2,2018-05-15,crbug.com/819324,https://chromium-review.googlesource.com/1060629,21,0,2,2018-05-16 01:43:25,2018-05-23 08:26:30,FALSE,FALSE,8,2018-05-22 23:54:43,0,Bug,BUG,Neil,colin,BUG,BUG,FALSE,0
c3e98621cb14c2714a9acd4a3d97f0781d2231f9,2018-07-24,crbug.com/853560,https://chromium-review.googlesource.com/1149183,9,0,1,2018-07-24 22:54:09,2018-07-25 23:36:21,FALSE,FALSE,10,2018-07-25 16:28:06,0,Feature,RFE,Neil,colin,RFE,RFE,FALSE,0
279b6f8ee19586a1f30be44c1d3115104d9ae578,2018-06-14,crbug.com/852035,https://chromium-review.googlesource.com/1101913,3,0,1,2018-06-14 22:00:36,2018-06-29 18:56:21,FALSE,FALSE,15,2018-06-14 22:14:42,1,Bug,BUG,Neil,colin,BUG,BUG,FALSE,2
805dc787ca8b8c3250335173daf967dfd44d8d43,2018-02-15,crbug.com/757625,https://chromium-review.googlesource.com/923212,15,1,2,2018-02-16 00:48:15,2018-02-21 02:17:17,FALSE,FALSE,10,2018-02-20 19:08:49,1,Feature,RFE,Neil,colin,RFE,RFE,FALSE,1
fa9d3bda2256cb0df2217cae2e1ecc5e59b72e4d,2018-01-02,crbug.com/386606,https://chromium-review.googlesource.com/862641,1,0,1,2018-01-11 22:56:12,2018-09-27 17:28:48,FALSE,FALSE,19,2018-01-12 17:43:45,1,Feature,RFE,Neil,colin,RFE,RFE,FALSE,2
38990f62bd7bcd49a43e78317cf75207ebc3d9aa,2018-03-28,crbug.com/791202,https://chromium-review.googlesource.com/985240,1,0,1,2018-03-28 22:11:16,2018-03-30 02:52:31,FALSE,FALSE,14,2018-03-29 00:36:56,0,NULL,NULL,Neil,colin,NULL,NULL,FALSE,0
f0a20a26c3712650acc09c7ab73d6a19cef54ce2,2018-05-09,crbug.com/832508,https://chromium-review.googlesource.com/1053246,37,0,1,2018-05-09 22:35:04,2018-05-10 22:11:11,FALSE,FALSE,23,2018-05-09 22:45:01,1,Feature,RFE,Neil,colin,RFE,RFE,FALSE,1
baf52dac10fda566157da7a6024053bb1654c7c8,2018-03-15,crbug.com/806788,https://chromium-review.googlesource.com/964341,6,4,1,2018-03-15 13:54:39,2018-03-20 02:22:04,FALSE,FALSE,9,2018-03-20 00:10:19,0,Feature,BUG,Neil,colin,RFE,RFE,FALSE,0
9fb6a8e6c58902ffe1eb48725da1ba7cd62e582c,2018-06-18,crbug.com/842845,https://chromium-review.googlesource.com/1104875,2,96,2,2018-06-18 17:41:40,2018-06-20 08:43:34,FALSE,FALSE,26,2018-06-18 19:37:55,1,Bug,RFE,Neil,colin,RFE,RFE,FALSE,1
4a09dfb75e7b6ed9782a76de24134b6bed38f381,2017-10-19,crbug.com/765644,https://chromium-review.googlesource.com/730183,54,35,3,2017-10-20 08:04:05,2017-11-02 18:07:48,FALSE,FALSE,28,2017-10-30 13:37:05,0,Bug,IMPR,Neil,colin,REFAC,REFAC,FALSE,0
d6d747de4b6821d5b87e2e2a8dc0365a67b76cdb,2018-02-15,crbug.com/777979,https://chromium-review.googlesource.com/921622,3,1,3,2018-02-15 14:44:37,2018-03-13 14:37:34,FALSE,FALSE,17,2018-03-13 08:50:31,0,NULL,NULL,Neil,colin,NULL,NULL,FALSE,0
ef9fd7bd74050e9f6af76c26fed9765fc712e43e,2018-08-07,crbug.com/869377,https://chromium-review.googlesource.com/1165982,24,0,6,2018-08-07 20:32:26,2018-08-18 17:01:31,FALSE,FALSE,30,2018-08-16 17:47:21,2,NULL,NULL,Neil,colin,NULL,NULL,FALSE,9
73aef116b3e3345f4b47657b08a355ce07360907,2018-07-02,crbug.com/703939,https://chromium-review.googlesource.com/1123685,9,1,3,2018-07-02 23:59:52,2018-07-18 04:55:00,FALSE,FALSE,20,2018-07-09 18:43:11,0,Feature,RFE,Neil,colin,RFE,RFE,FALSE,0
ba97f1f6958fe4d7da3ef51825247bbeb917acd2,2017-09-14,crbug.com/764451,https://chromium-review.googlesource.com/666966,3,0,1,2017-09-14 14:51:06,2017-09-15 01:02:17,FALSE,FALSE,16,2017-09-14 15:05:50,0,Bug,RFE,Neil,colin,RFE,RFE,FALSE,0
956f570a0c9c30a4d68e8345e74b3ef8e285d0cd,2018-07-13,crbug.com/852164,https://chromium-review.googlesource.com/1136668,9,0,3,2018-07-13 16:42:06,2018-07-20 12:33:13,FALSE,FALSE,46,2018-07-13 17:03:40,0,Bug,RFE,Neil,colin,RFE,RFE,FALSE,2
9b57c139f2351a508e8d7f34c482c328e1bd49fa,2017-03-27,crbug.com/704408,https://chromium-review.googlesource.com/650509,9,2,1,2017-09-05 15:51:26,2017-09-07 16:42:45,FALSE,FALSE,9,2017-09-05 17:22:08,0,Bug,RFE,Neil,colin,RFE,RFE,FALSE,0
5d8bc5452755402efe35eb4e64c2178df476ad54,2017-10-30,crbug.com/757625,https://chromium-review.googlesource.com/744992,25,0,4,2017-10-30 22:43:42,2017-11-07 14:00:40,FALSE,FALSE,19,2017-11-07 01:36:07,0,Feature,RFE,Neil,colin,RFE,RFE,FALSE,4
aded6c46b0905097582ab2c6cd1a96c710150338,2018-04-06,crbug.com/822496,https://chromium-review.googlesource.com/999953,7,0,1,2018-04-06 17:55:31,2018-04-11 21:56:40,FALSE,FALSE,19,2018-04-10 20:09:37,0,Feature,RFE,Neil,colin,RFE,RFE,FALSE,0
d6d1bf7abef62794cd9560fa3431479f173515a8,2018-08-22,crbug.com/703939,https://chromium-review.googlesource.com/1186133,8,6,1,2018-08-23 01:08:06,2018-08-24 00:44:27,FALSE,FALSE,9,2018-08-23 17:50:16,0,Feature,RFE,Neil,colin,RFE,RFE,FALSE,0
9d6b2bd473efac88137c6786964acff83140d42c,2018-05-03,crbug.com/757625,https://chromium-review.googlesource.com/1044747,1,0,1,2018-05-04 18:20:57,2019-02-21 18:49:01,FALSE,FALSE,16,2018-05-05 22:48:20,0,Feature,RFE,Neil,colin,RFE,RFE,FALSE,0
acbe02975c1db3d3f89a78bcd74af825719bb65c,2018-03-27,crbug.com/820783,https://chromium-review.googlesource.com/982497,1,0,1,2018-03-27 20:12:09,2018-03-30 07:07:40,FALSE,FALSE,15,2018-03-29 06:41:27,0,NULL,NULL,Neil,colin,NULL,NULL,FALSE,0
62e4df41954a7b7f414f95fd4fc8992d49ea42e2,2017-09-05,crbug.com/740063,https://chromium-review.googlesource.com/650227,21,0,2,2017-09-05 10:11:00,2017-09-08 19:51:07,FALSE,FALSE,36,2017-09-06 14:04:42,2,Bug,RFE,Neil,colin,RFE,RFE,FALSE,8
86b8cb31143f4557a8577ba46d25005ae12ad573,2017-12-13,crbug.com/757625,https://chromium-review.googlesource.com/826244,19,0,7,2017-12-13 22:59:18,2017-12-20 18:14:58,FALSE,FALSE,20,2017-12-20 00:40:14,0,Feature,RFE,Neil,colin,RFE,RFE,FALSE,10
195ff937d2f64c3116ca65c94454bdd63e405d0d,2018-05-22,crbug.com/757625,https://chromium-review.googlesource.com/1069602,6,0,1,2018-05-22 21:24:18,2018-05-24 22:44:48,FALSE,FALSE,12,2018-05-23 22:57:00,0,Feature,RFE,Neil,colin,RFE,RFE,FALSE,0
404cd1cadb183973ed3ee9d2fb259328202ec80a,2018-07-25,crbug.com/848719,https://chromium-review.googlesource.com/1150233,0,1,2,2018-07-25 17:13:27,2018-08-07 08:54:23,FALSE,FALSE,24,2018-07-25 18:13:19,0,Feature,RFE,Neil,colin,RFE,RFE,FALSE,6
1e5309913a713ddbfc9897001482284beaae0f4b,2018-05-22,crbug.com/842845,https://chromium-review.googlesource.com/1069738,265,1,7,2018-05-22 23:23:15,2018-05-29 05:48:11,FALSE,FALSE,89,2018-05-25 02:25:00,3,Bug,RFE,Neil,colin,RFE,RFE,FALSE,33
15a69fdb75be81e7065c6548c5294b4d7ae24321,2018-04-27,crbug.com/836091,https://chromium-review.googlesource.com/1032133,32,19,5,2018-04-27 04:46:58,2018-05-04 10:07:24,FALSE,FALSE,47,2018-05-01 17:34:40,1,Feature,RFE,Neil,colin,RFE,RFE,FALSE,2
a4959d623c3c09ec7169960e3858e12b6a916a50,2018-01-30,crbug.com/806119,https://chromium-review.googlesource.com/895383,68,0,1,2018-01-31 18:10:44,2018-02-03 07:54:43,FALSE,FALSE,14,2018-02-01 01:22:00,0,Bug,REFAC,Neil,colin,REFAC,REFAC,FALSE,0
391dbc8e22422e55bf3a191c78fe7dd28289d874,2018-06-08,crbug.com/703939,https://chromium-review.googlesource.com/1094266,170,1,5,2018-06-09 01:35:52,2018-07-18 04:55:00,FALSE,FALSE,39,2018-07-17 20:28:44,2,Feature,RFE,Neil,colin,RFE,RFE,FALSE,11
b3a8fe805f26745b5a450c48330b78158e523755,2018-07-09,crbug.com/836246,https://chromium-review.googlesource.com/1129700,16,6,6,2018-07-09 20:44:23,2018-07-13 18:50:56,FALSE,FALSE,37,2018-07-12 17:10:55,0,NULL,NULL,Neil,colin,NULL,NULL,FALSE,6
fd581ad0b74993f0eb5a25a30658c3d82b729133,2018-07-20,crbug.com/866547,https://chromium-review.googlesource.com/1146073,5,2,5,2018-07-21 06:53:17,2018-08-06 18:39:49,FALSE,FALSE,20,2018-07-23 20:52:57,0,Bug,RFE,Neil,colin,RFE,RFE,FALSE,2
814a3496abaebc7e0070aab3cae1d642ff706894,2017-10-05,crbug.com/763198,https://chromium-review.googlesource.com/704399,0,1,1,2017-10-06 05:08:04,2017-10-06 10:58:22,FALSE,FALSE,9,2017-10-06 05:10:04,0,Bug,BUG,Neil,colin,REFAC,REFAC,FALSE,0
a99c32516d630322a3f02e713d1d4359de82096b,2018-04-26,crbug.com/806788,https://chromium-review.googlesource.com/1030378,6,13,1,2018-04-26 18:39:38,2018-04-28 04:28:00,FALSE,FALSE,8,2018-04-27 23:35:35,0,Feature,RFE,Neil,colin,RFE,RFE,FALSE,0
41f7e4418b7f98540e3c07e8b7503744ff369940,2017-12-01,crbug.com/782695,https://chromium-review.googlesource.com/803353,22,5,4,2017-12-01 13:14:24,2017-12-05 16:51:49,FALSE,FALSE,18,2017-12-05 12:35:55,1,Bug,RFE,Neil,colin,RFE,RFE,FALSE,11
34e6aed0e0a98cfed356c0f9b6b1d36e62d82092,2018-02-12,crbug.com/757625,https://chromium-review.googlesource.com/913721,14,0,4,2018-02-12 17:55:41,2018-02-14 05:19:47,FALSE,FALSE,17,2018-02-12 22:42:38,0,Feature,RFE,Neil,colin,RFE,RFE,FALSE,4
3b1523e3663ba57cf1a2f79cfde617f952e1826a,2018-02-09,crbug.com/806788,https://chromium-review.googlesource.com/911797,80,0,5,2018-02-09 18:30:24,2018-02-25 18:05:28,FALSE,FALSE,71,2018-02-15 01:46:20,0,Feature,RFE,Neil,colin,RFE,RFE,FALSE,5
f8bc9af1959ab2ec10623dd86247dae8fce9c2ab,2018-06-08,crbug.com/836092,https://chromium-review.googlesource.com/1092393,2,0,3,2018-06-08 06:01:31,2018-06-13 04:51:32,FALSE,FALSE,27,2018-06-12 05:51:18,1,Feature,RFE,Neil,colin,RFE,RFE,FALSE,2
6ea5b97ccfcc88cdae6bdef0ba2c18f49911420a,2018-06-06,crbug.com/850177,https://chromium-review.googlesource.com/1089274,8,14,2,2018-06-06 19:07:25,2018-06-21 23:33:32,FALSE,FALSE,37,2018-06-20 15:11:08,0,Task,REFAC,Neil,colin,REFAC,REFAC,FALSE,0
c497ae9ae0958e5e55ff0bc9efcd30b097774d01,2018-02-09,crbug.com/809914,https://chromium-review.googlesource.com/911790,5,1,3,2018-02-09 17:08:43,2018-02-14 05:19:47,FALSE,FALSE,32,2018-02-12 15:54:44,0,Bug,REFAC,Neil,colin,REFAC,REFAC,FALSE,8
5c25ac57d96fd0d558b3bb97b30b59a5444aea40,2018-06-08,crbug.com/211405,https://chromium-review.googlesource.com/1093544,5,0,3,2018-06-08 18:57:43,2018-06-15 18:00:59,FALSE,FALSE,29,2018-06-12 00:26:55,0,NULL,NULL,Neil,colin,NULL,NULL,FALSE,2
76f62399c84c8e4852a75662bac0d879eb3c3bc0,2017-12-07,crbug.com/769970,https://chromium-review.googlesource.com/814895,1,1,1,2017-12-07 18:12:08,2017-12-08 12:00:38,FALSE,FALSE,15,2017-12-07 18:53:12,0,NULL,NULL,Neil,colin,NULL,NULL,FALSE,0
c2501e24bdd747b8ef1fca35e168df252b2dae04,2018-05-07,crbug.com/840517,https://chromium-review.googlesource.com/1048312,6,0,2,2018-05-07 20:39:28,2018-05-09 08:13:22,FALSE,FALSE,12,2018-05-08 19:56:32,0,Bug,RFE,Neil,colin,RFE,RFE,FALSE,0
6b7296df6a2dd21c8cfbbe67f7db0942df3b95b0,2018-01-31,crbug.com/757625,https://chromium-review.googlesource.com/896110,13,0,4,2018-01-31 21:23:55,2018-02-07 05:33:31,FALSE,FALSE,15,2018-02-06 23:56:55,0,Feature,RFE,Neil,colin,RFE,RFE,FALSE,4
fc9e92db5bdd2031b29fc8738a4624dd1a67f332,2017-10-23,crbug.com/37953355,https://chromium-review.googlesource.com/733818,1,0,2,2017-10-23 18:39:20,2017-10-24 17:38:33,FALSE,FALSE,13,2017-10-23 18:46:39,1,NULL,NULL,Neil,colin,NULL,NULL,FALSE,1
64a12786b061e9ea3ea5ea84e9e9a692dba2de36,2018-06-29,crbug.com/832145,https://chromium-review.googlesource.com/1121419,113,3,16,2018-06-29 19:41:28,2018-08-31 8:24:07,FALSE,FALSE,15,2017-10-24 13:38:33,1,Bug,RFE,Neil,colin,RFE,RFE,FALSE,-1
95a4315c8aa4520dcf0e97ba189fb740bc0b2cf3,2018-06-07,crbug.com/211405,https://chromium-review.googlesource.com/1091177,2,1,2,2018-06-07 18:53:51,2018-06-08 23:14:40,FALSE,FALSE,12,2018-06-08 17:35:46,0,NULL,NULL,Neil,colin,NULL,NULL,FALSE,0
fdf130637fb812b8ebbfb5aa3454ee3dafd6adca,2018-04-10,crbug.com/831236,https://chromium-review.googlesource.com/1005624,31,3,2,2018-04-10 17:47:26,2018-04-12 01:10:18,FALSE,FALSE,23,2018-04-11 05:59:47,0,Feature,RFE,Neil,colin,RFE,RFE,FALSE,0
10047b6eaaf9fdbf667d4ea6f639f39af049be56,2018-01-19,crbug.com/757625,https://chromium-review.googlesource.com/876946,16,18,7,2018-01-19 21:29:30,2018-01-23 06:12:50,FALSE,FALSE,29,2018-01-22 20:21:41,0,Feature,RFE,Neil,colin,RFE,RFE,FALSE,0
0dec8e46281db8e22ceb71907054449b845f7103,2018-06-08,crbug.com/757625,https://chromium-review.googlesource.com/1093430,4,0,3,2018-06-08 23:09:22,2018-06-28 16:56:16,FALSE,FALSE,19,2018-06-25 19:02:08,0,Feature,RFE,Neil,colin,RFE,RFE,FALSE,0
e58895c7b9554d0f03e22595503a5e668b79c037,2018-03-12,crbug.com/812468,https://chromium-review.googlesource.com/959342,6,0,5,2018-03-12 18:33:38,2018-03-13 14:37:34,FALSE,FALSE,31,2018-03-12 22:04:03,1,Bug,RFE,Neil,colin,RFE,RFE,FALSE,1
7627004a8281866056f9b76c327680612272877b,2018-04-02,crbug.com/827680,https://chromium-review.googlesource.com/991454,6,0,1,2018-04-03 01:13:16,2018-04-03 23:13:37,FALSE,FALSE,7,2018-04-03 19:16:30,0,Task,REFAC,Neil,colin,REFAC,REFAC,FALSE,0
dedae97b29fa473d94d076d07df89f39471da167,2018-08-07,crbug.com/703939,https://chromium-review.googlesource.com/1166451,14,3,2,2018-08-08 00:58:00,2018-08-09 03:47:22,FALSE,FALSE,13,2018-08-08 17:05:09,0,Feature,RFE,Neil,colin,RFE,RFE,FALSE,0
c9454b43d2f53af43657bf44bd3d809563cac600,2018-08-16,crbug.com/869747,https://chromium-review.googlesource.com/1188447,17,0,3,2018-08-24 22:08:01,2018-08-29 23:10:11,FALSE,FALSE,28,2018-08-27 20:24:47,0,Bug,RFE,Neil,colin,RFE,RFE,FALSE,10
b45fa6f1011a1a42589c719e4eb890a6ad703614,2018-01-18,crbug.com/800120,https://chromium-review.googlesource.com/874610,8,0,1,2018-01-18 18:10:28,2018-01-19 08:30:20,FALSE,FALSE,13,2018-01-18 19:37:55,0,Feature,RFE,Neil,colin,RFE,RFE,FALSE,0
3421c94bc78d8a985b7deeb0eaa59a02251d0dca,2018-02-12,crbug.com/811138,https://chromium-review.googlesource.com/936009,53,1,2,2018-02-24 01:57:35,2018-03-06 17:59:38,FALSE,FALSE,22,2018-03-06 02:14:24,2,NULL,NULL,Neil,colin,NULL,NULL,FALSE,4
59e207e4abcdada387499c7442e2bff4dc51feab,2017-12-21,crbug.com/757625,https://chromium-review.googlesource.com/841527,13,0,2,2017-12-21 23:46:51,2018-01-03 22:23:53,FALSE,FALSE,18,2018-01-03 01:07:22,0,Feature,RFE,Neil,colin,RFE,RFE,FALSE,0
31f8e08fb13c068de5c276ba1e9e785e9820433c,2018-01-25,crbug.com/806119,https://chromium-review.googlesource.com/889918,52,11,3,2018-01-26 21:14:30,2018-02-02 21:20:20,FALSE,FALSE,28,2018-02-01 00:18:50,0,Bug,IMPR,Neil,colin,REFAC,REFAC,FALSE,2
79d3909bd007f2bd935e0e759897ca11125a51b0,2017-12-04,crbug.com/786663,https://chromium-review.googlesource.com/838841,137,1,2,2017-12-21 03:43:56,2018-01-20 01:19:46,FALSE,FALSE,19,2018-01-19 00:54:33,1,Bug,RFE,Neil,colin,RFE,RFE,FALSE,4
5731d131f133c0880b2a906d29b11a266cbe2587,2018-07-26,crbug.com/852167,https://chromium-review.googlesource.com/1152494,1,0,2,2018-07-26 23:54:17,2018-07-31 06:10:08,FALSE,FALSE,21,2018-07-27 00:10:20,0,Bug,RFE,Neil,colin,RFE,RFE,FALSE,2
09122ff0b3b32ec29dba78a08d6efa33fe9b048b,2017-11-27,crbug.com/757625,https://chromium-review.googlesource.com/792599,19,0,4,2017-11-28 02:22:19,2017-11-29 04:20:09,FALSE,FALSE,26,2017-11-28 18:18:09,0,Feature,RFE,Yitong,colin,RFE,RFE,FALSE,6
8ed37ed7e2a981a021d1ba69ee5d510564252a1a,2018-06-26,crbug.com/710465,https://chromium-review.googlesource.com/1114666,1,0,2,2018-06-26 09:55:52,2018-07-11 15:40:23,FALSE,FALSE,12,2018-07-10 14:10:08,0,Feature,RFE,Yitong,colin,RFE,RFE,FALSE,0
7c461e6114b25636c40c331f488fcefa95c76e23,2018-02-21,crbug.com/757625,https://chromium-review.googlesource.com/950306,10,0,2,2018-03-06 00:43:05,2018-03-06 22:39:28,FALSE,FALSE,13,2018-03-06 00:59:14,0,Feature,RFE,Yitong,colin,RFE,RFE,FALSE,0
2cf2a0211b3935f2ebb34f1973f0b8f4e3de0e9b,2017-09-13,crbug.com/763415,https://chromium-review.googlesource.com/666122,8,0,2,2017-09-14 00:16:40,2017-09-15 07:25:17,FALSE,FALSE,13,2017-09-14 23:55:45,0,NULL,NULL,Yitong,colin,NULL,NULL,FALSE,2
80b6537e56b9da9939e825fe6726d2d847f461e0,2018-06-15,crbug.com/822464,https://chromium-review.googlesource.com/1111101,128,0,4,2018-06-21 23:16:24,2018-06-26 09:56:03,FALSE,FALSE,30,2018-06-25 18:08:54,0,Feature,RFE,Yitong,colin,RFE,RFE,FALSE,19
94a41a54c6f6fb42e89e6c4d7714c28b1b0ef5f5,2018-06-05,crbug.com/211405,https://chromium-review.googlesource.com/1087835,6,0,4,2018-06-05 22:35:00,2018-06-08 06:35:07,FALSE,FALSE,24,2018-06-08 00:13:27,2,NULL,NULL,Yitong,colin,NULL,NULL,FALSE,8
b6208952d4ab3da71cd59f5948aa5244c9091dad,2018-01-31,crbug.com/778261,https://chromium-review.googlesource.com/894831,0,3,1,2018-01-31 15:49:19,2018-02-01 02:01:42,FALSE,FALSE,12,2018-01-31 17:07:10,0,Task,REFAC,Yitong,colin,REFAC,REFAC,FALSE,0
b6208952d4ab3da71cd59f5948aa5244c9091dad,2018-01-31,crbug.com/233833,https://chromium-review.googlesource.com/894831,0,3,1,2018-01-31 15:49:19,2018-02-01 02:01:42,FALSE,FALSE,12,2018-01-31 17:07:10,0,Bug,RFE,Yitong,colin,RFE,RFE,FALSE,0
adda7dd0025b786c2a61727bc3371ff8ed0262bf,2017-09-29,crbug.com/742665,https://chromium-review.googlesource.com/693285,1,0,1,2017-09-29 21:20:58,2017-10-11 20:20:09,FALSE,FALSE,16,2017-09-29 21:30:35,0,NULL,RFE,Yitong,colin,RFE,RFE,FALSE,0
77c562a767492eb0e4fc5c4dd3b78e31fdd111d1,2018-01-16,crbug.com/757625,https://chromium-review.googlesource.com/868931,13,0,3,2018-01-16 20:19:59,2018-01-18 22:45:08,FALSE,FALSE,37,2018-01-17 01:10:04,0,Feature,RFE,Yitong,colin,RFE,RFE,FALSE,2
60c87361c40ef07197cf7a9d1c347d9b6e4e9ec6,2018-04-19,crbug.com/837161,https://chromium-review.googlesource.com/1029992,17,0,2,2018-04-26 09:04:24,2018-04-27 16:30:12,FALSE,FALSE,14,2018-04-27 00:21:07,0,Bug,RFE,Yitong,colin,RFE,RFE,FALSE,0
f0bfe18b25712cc8e022d0c6edbe4eb8b380e8e9,2018-05-30,crbug.com/822499,https://chromium-review.googlesource.com/1080156,3,0,1,2018-05-30 23:03:23,2018-05-31 19:26:40,FALSE,FALSE,22,2018-05-30 23:20:16,0,Feature,RFE,Yitong,colin,RFE,RFE,FALSE,0
062edf2bae45d93a954c36734ce96ff80153c805,2018-03-28,crbug.com/822814,https://chromium-review.googlesource.com/982820,17,0,6,2018-03-28 07:27:07,2018-05-31 23:23:35,FALSE,FALSE,55,2018-05-16 17:10:12,0,Bug,RFE,Yitong,colin,RFE,RFE,FALSE,2
81ece683a4f82c8a3b096e050c1122db22d224c3,2018-06-12,crbug.com/844079,https://chromium-review.googlesource.com/1096895,3,0,3,2018-06-12 07:44:53,2018-06-15 22:27:20,FALSE,FALSE,28,2018-06-15 00:17:12,0,Bug,RFE,Yitong,Neil,RFE,RFE,FALSE,2
4cc3a78f16cd7344410e67ad55885a6f79776cf3,2018-07-26,crbug.com/868411,https://chromium-review.googlesource.com/1152352,1,0,3,2018-07-26 22:33:22,2018-08-02 21:00:30,FALSE,FALSE,30,2018-08-01 01:14:16,0,Bug,BUG,Yitong,Neil,BUG,BUG,FALSE,5
bc50a8041ce7ba94ba055e9e4239864903d594ab,2017-12-19,crbug.com/793326,https://chromium-review.googlesource.com/832485,2,0,4,2017-12-19 10:55:33,2018-01-26 03:25:28,FALSE,FALSE,22,2018-01-25 17:20:32,0,Bug,RFE,Yitong,Neil,RFE,RFE,FALSE,0
522ee63fea99f34067750683579c8f9a4aa82ebd,2018-03-20,crbug.com/823603,https://chromium-review.googlesource.com/970187,20,0,2,2018-03-20 05:22:42,2018-03-28 00:12:01,FALSE,FALSE,13,2018-03-21 09:09:59,0,NULL,NULL,Yitong,Neil,NULL,NULL,FALSE,3
2d059230fecac76034859e1dd8bcaabb22d64932,2018-02-20,crbug.com/809616,https://chromium-review.googlesource.com/926711,0,2,2,2018-02-20 18:05:17,2018-02-23 07:55:26,FALSE,FALSE,12,2018-02-22 02:18:58,0,Task,REFAC,Yitong,Neil,REFAC,REFAC,FALSE,0
b0939d4bb0074d874303080f77b06e2282d05232,2018-03-07,crbug.com/757625,https://chromium-review.googlesource.com/956669,7,0,5,2018-03-09 00:09:43,2018-03-13 20:05:29,FALSE,FALSE,22,2018-03-12 19:29:57,0,Feature,RFE,Yitong,Neil,RFE,RFE,FALSE,2
8a6739989686d18e0393623715ac32af33026165,2017-11-15,crbug.com/684679,https://chromium-review.googlesource.com/771630,33,5,7,2017-11-15 11:57:55,2017-11-25 04:31:36,FALSE,FALSE,62,2017-11-24 14:06:10,3,Bug,BUG,Yitong,Neil,BUG,BUG,FALSE,67
8a6739989686d18e0393623715ac32af33026165,2017-11-15,crbug.com/782695,https://chromium-review.googlesource.com/771630,33,5,7,2017-11-15 11:57:55,2017-11-25 04:31:36,FALSE,FALSE,62,2017-11-24 14:06:10,3,Bug,RFE,Yitong,Neil,RFE,RFE,FALSE,67
185a519a18bc35f05f2744f75ceed814aac8ed73,2017-11-29,crbug.com/780575,https://chromium-review.googlesource.com/797359,1,0,1,2017-11-29 18:34:20,2017-11-30 09:14:48,FALSE,FALSE,12,2017-11-29 21:38:28,0,Bug,IMPR,Yitong,Neil,IMPR,IMPR,FALSE,0
d26505f787c54f4ebbb57de601e90429052e9a77,2018-06-12,crbug.com/211405,https://chromium-review.googlesource.com/1097538,0,4,1,2018-06-12 18:26:32,2018-06-13 20:01:23,FALSE,FALSE,13,2018-06-12 18:47:27,0,NULL,NULL,Yitong,Neil,NULL,NULL,FALSE,0
ca6b579ce1ca1fccdbf7b169acb5ccf807a3cc07,2018-03-07,crbug.com/753596,https://chromium-review.googlesource.com/976981,2,0,1,2018-03-22 23:33:22,2018-03-27 14:12:46,FALSE,FALSE,13,2018-03-27 06:36:56,0,Task,BUG,Yitong,Neil,BUG,BUG,FALSE,0
d988392cd635e96ac5257ef69ce37dc92ff685a1,2018-03-23,crbug.com/822902,https://chromium-review.googlesource.com/978869,2,0,1,2018-03-23 21:52:49,2018-03-26 21:41:46,FALSE,FALSE,14,2018-03-23 22:00:42,0,Bug,RFE,Yitong,Neil,RFE,RFE,FALSE,0
3e8fce76a0a666f43fa35bb58778e23148859d83,2018-03-18,crbug.com/782499,https://chromium-review.googlesource.com/967901,46,0,2,2018-03-18 04:45:15,2018-04-09 04:46:33,FALSE,FALSE,34,2018-04-05 16:54:47,0,Feature,RFE,Yitong,Neil,RFE,RFE,FALSE,7
50abecf4d287808f845876d1d52fed27b4cfa36c,2017-10-25,crbug.com/778449,https://chromium-review.googlesource.com/740664,41,0,2,2017-10-26 22:01:47,2017-10-27 03:21:36,FALSE,FALSE,12,2017-10-26 22:38:46,1,Feature,RFE,Yitong,Neil,RFE,RFE,FALSE,2
ef1cd665e97c80aeb8647b7913d08be817f6a8b5,2018-06-22,crbug.com/852457,https://chromium-review.googlesource.com/1112876,13,0,4,2018-06-23 02:32:53,2018-06-30 05:03:17,FALSE,FALSE,15,2018-06-29 16:45:49,0,Feature,RFE,Yitong,Neil,RFE,RFE,FALSE,4
766adf70d23e0812946069c25d92eaa9485d3fa6,2017-09-07,crbug.com/762328,https://chromium-review.googlesource.com/655812,10,0,1,2017-09-07 20:27:17,2017-09-08 04:22:39,FALSE,FALSE,7,2017-09-07 20:45:52,0,Feature,RFE,Yitong,Neil,RFE,RFE,FALSE,0
35c5617a318aae8345d9878dc7ad58263a8daa04,2017-09-11,crbug.com/763198,https://chromium-review.googlesource.com/661180,0,2,1,2017-09-11 18:29:35,2017-09-12 11:19:57,FALSE,FALSE,10,2017-09-11 20:10:25,0,Bug,REFAC,Yitong,Neil,REFAC,REFAC,FALSE,0
f79b004b438d633e8692de994fd826977182c659,2018-03-15,crbug.com/758837,https://chromium-review.googlesource.com/965012,1,4,2,2018-03-15 21:50:59,2018-03-19 21:19:36,FALSE,FALSE,10,2018-03-18 00:53:47,0,Task,REFAC,Yitong,Neil,REFAC,REFAC,FALSE,0
3aa1cd231434af76c59a6a1075c15042d9b4fdb8,2017-09-08,crbug.com/763198,https://chromium-review.googlesource.com/658149,0,1,1,2017-09-08 23:16:34,2017-09-09 09:26:35,FALSE,FALSE,12,2017-09-08 23:39:54,0,Bug,REFAC,Yitong,Neil,REFAC,REFAC,FALSE,0
7463590371b38436a5da6e79159a361045fe17be,2018-01-10,crbug.com/800748,https://chromium-review.googlesource.com/859766,0,4,3,2018-01-10 13:35:13,2018-01-19 01:42:30,FALSE,FALSE,49,2018-01-17 14:43:32,0,Bug,REFAC,Yitong,Neil,REFAC,REFAC,FALSE,0
6e2e08d720aa4b49a0daacc1cea2d1c5374b5307,2018-07-13,crbug.com/793314,https://chromium-review.googlesource.com/1136035,1,0,2,2018-07-13 07:02:31,2018-08-03 13:29:21,FALSE,FALSE,20,2018-08-01 09:18:23,0,Bug,REFAC,Yitong,Neil,REFAC,REFAC,FALSE,0
300e00535d7537b3f663257544ec40c187e0aa66,2018-05-07,crbug.com/806788,https://chromium-review.googlesource.com/1046205,33,4,2,2018-05-06 23:54:08,2018-05-12 14:20:50,FALSE,FALSE,13,2018-05-10 03:18:04,0,Feature,RFE,Yitong,Neil,RFE,RFE,FALSE,0
c8e89d765967393ef552d54e8fa1879f0da77e9b,2018-06-20,crbug.com/854908,https://chromium-review.googlesource.com/1114125,7,0,1,2018-06-25 20:22:42,2018-06-26 19:52:22,FALSE,FALSE,14,2018-06-26 03:38:20,0,Feature,RFE,Yitong,Neil,RFE,RFE,FALSE,0
e158d044e7994233e17fb7765ea9d02c49eeaa90,2018-07-03,crbug.com/836091,https://chromium-review.googlesource.com/1123968,0,153,1,2018-07-03 03:57:18,2018-07-17 06:03:32,FALSE,FALSE,20,2018-07-16 02:35:42,0,Feature,RFE,Yitong,Neil,RFE,RFE,FALSE,0
21d3916859025c8855ed8b26bf21437d66799fe9,2018-01-11,crbug.com/801177,https://chromium-review.googlesource.com/862985,2,0,1,2018-01-12 01:11:22,2018-01-12 11:29:40,FALSE,FALSE,13,2018-01-12 01:49:16,0,Bug,RFE,Yitong,Neil,RFE,RFE,FALSE,0
b72de16bd2929f1bacee3644c56ecdbba95b36ae,2018-05-02,crbug.com/838860,https://chromium-review.googlesource.com/1041692,14,0,4,2018-05-03 08:41:29,2018-05-05 03:41:31,FALSE,FALSE,27,2018-05-03 21:03:31,0,NULL,NULL,Yitong,Neil,NULL,NULL,FALSE,8
59ce8e9eaf7c2a101c7bc808258defe472f78ec2,2018-05-21,crbug.com/836246,https://chromium-review.googlesource.com/1067640,15,1,4,2018-05-21 19:42:12,2018-05-22 19:56:42,FALSE,FALSE,26,2018-05-21 21:53:47,1,NULL,NULL,Yitong,Neil,NULL,NULL,FALSE,7
70713ae1acd570407438218800ac7b30c7919319,2018-01-23,crbug.com/757625,https://chromium-review.googlesource.com/882389,13,0,1,2018-01-23 23:15:01,2018-01-27 02:17:22,FALSE,FALSE,14,2018-01-24 21:50:29,0,Feature,RFE,Yitong,Neil,RFE,RFE,FALSE,2
275e3c2b768429d6a584a33cfd0bd243b2ca9f33,2017-09-22,crbug.com/749161,https://chromium-review.googlesource.com/679096,0,2,2,2017-09-22 18:23:23,2017-09-25 22:53:35,FALSE,FALSE,14,2017-09-22 19:14:46,0,Task,REFAC,Yitong,Neil,REFAC,REFAC,FALSE,0
74840bb56e03ca30d78b9e05fcd9418b9de95df8,2018-01-21,crbug.com/796186,https://chromium-review.googlesource.com/877939,3,1,2,2018-01-21 14:17:04,2018-01-25 04:26:27,FALSE,FALSE,18,2018-01-24 10:56:35,0,Bug,RFE&REFAC,Yitong,Neil,REFAC,REFAC,TRUE,2
64cfca5e6049ef70e9145c93df51ce68535613bb,2018-05-21,crbug.com/725692,https://chromium-review.googlesource.com/1068132,2,2,4,2018-05-21 23:50:35,2018-05-23 08:26:30,FALSE,FALSE,22,2018-05-22 18:37:29,0,Feature,RFE,Yitong,Neil,RFE,RFE,FALSE,5
3126ff3135408456c3b081820a58e749f58d2989,2018-03-27,crbug.com/824667,https://chromium-review.googlesource.com/982052,20,0,3,2018-03-27 12:05:39,2018-03-29 12:38:48,FALSE,FALSE,26,2018-03-28 14:09:28,0,NULL,NULL,Yitong,Neil,NULL,NULL,FALSE,12
d801687ad3db853f79163b56307876f558cdbd35,2018-05-04,crbug.com/825010,https://chromium-review.googlesource.com/1045140,9,0,1,2018-05-04 21:05:42,2018-05-08 03:46:57,FALSE,FALSE,27,2018-05-05 12:05:23,0,Feature,RFE,Yitong,Neil,RFE,RFE,FALSE,0
10ef1e3de435c0961fd86f0059242ac264e69cb0,2018-08-13,crbug.com/649417,https://chromium-review.googlesource.com/1172729,2,0,2,2018-08-13 16:11:07,2018-08-14 09:14:21,FALSE,FALSE,8,2018-08-13 22:15:18,0,NULL,NULL,Yitong,Neil,NULL,NULL,FALSE,0
e13d3a1736d6b4bc9c21b64de308191d6bb41d05,2018-07-13,crbug.com/863566,https://chromium-review.googlesource.com/1137057,0,1,1,2018-07-13 21:48:55,2018-07-19 19:14:33,FALSE,FALSE,13,2018-07-14 00:17:20,0,Bug,REFAC,Yitong,Neil,REFAC,REFAC,FALSE,0
913b296d41b7cb698a939fe107c233d4324eb102,2018-08-29,crbug.com/757625,https://chromium-review.googlesource.com/1195586,1,0,1,2018-08-29 19:37:59,2018-08-30 21:44:47,FALSE,FALSE,17,2018-08-29 20:37:26,0,Feature,RFE,Yitong,Neil,RFE,RFE,FALSE,0
fb31e7815ff67186a5b275119157f9207f97ab3a,2018-01-17,crbug.com/757625,https://chromium-review.googlesource.com/871650,22,0,6,2018-01-17 21:36:33,2018-01-19 08:30:20,FALSE,FALSE,20,2018-01-17 21:57:03,0,Feature,RFE,Yitong,Neil,RFE,RFE,FALSE,0
98266d9b7cc12f325aefdc8bc345b689a73bf942,2017-12-10,crbug.com/770562,https://chromium-review.googlesource.com/818736,1,0,1,2017-12-10 18:09:21,2017-12-11 13:32:27,FALSE,FALSE,7,2017-12-11 10:53:09,0,Feature,RFE,Yitong,Neil,RFE,RFE,FALSE,0
ac516756ea6ec31a846ce42c34e7c1efdc6c5dcd,2018-08-22,crbug.com/729335,https://chromium-review.googlesource.com/1186024,25,0,4,2018-08-22 23:29:17,2018-08-31 17:11:27,FALSE,FALSE,57,2018-08-23 22:33:28,0,Bug,RFE,Yitong,Neil,RFE,RFE,FALSE,12
cd2ef540974759ed9eaa4397fe93dc46fcaec8e7,2018-06-28,crbug.com/757625,https://chromium-review.googlesource.com/1118615,2,0,3,2018-06-28 15:42:22,2018-07-01 04:18:20,FALSE,FALSE,9,2018-06-30 19:16:52,0,Feature,RFE,Yitong,Neil,RFE,RFE,FALSE,0
6aa2dffd9525b2e288dba8cce217fb92f8221710,2018-01-02,crbug.com/757625,https://chromium-review.googlesource.com/848315,3,2,2,2018-01-03 00:58:55,2018-01-04 22:36:01,FALSE,FALSE,20,2018-01-04 18:33:17,0,Feature,RFE,Yitong,Neil,RFE,RFE,FALSE,0
ce0500d3f730243f7d418c1ad952de57a00e44f2,2018-05-18,crbug.com/842979,https://chromium-review.googlesource.com/1066493,7,1,6,2018-05-18 18:41:48,2018-05-24 07:23:52,FALSE,FALSE,48,2018-05-23 04:27:55,1,Feature,RFE,Yitong,Neil,RFE,RFE,FALSE,12
f18962f889c195064bd903eabc2184791a978bf9,2017-10-24,crbug.com/769970,https://chromium-review.googlesource.com/736691,2,0,1,2017-10-24 22:38:17,2017-10-25 19:13:51,FALSE,FALSE,13,2017-10-24 23:25:19,0,NULL,NULL,Yitong,Neil,NULL,NULL,FALSE,0
c58fe543cdc56e4baad1020ea8f74f9864e5040a,2018-07-27,crbug.com/782499,https://chromium-review.googlesource.com/1152627,7,3,3,2018-07-27 03:53:31,2018-08-02 07:20:50,FALSE,FALSE,24,2018-08-01 03:47:08,0,Feature,RFE,Yitong,Neil,RFE,RFE,FALSE,4
3828a1ab6e16e41aa1a97ea02cbe2f9bddf58572,2018-04-06,crbug.com/822467,https://chromium-review.googlesource.com/1000819,36,0,3,2018-04-07 00:30:59,2018-04-11 08:20:09,FALSE,FALSE,26,2018-04-10 19:05:54,0,Feature,RFE,Yitong,Neil,RFE,RFE,FALSE,15
ae36ad9c82704646b50f6fed48a3dbca775b3db9,2018-01-25,crbug.com/765525,https://chromium-review.googlesource.com/887951,0,2,2,2018-01-26 01:59:54,2018-01-31 01:48:25,FALSE,FALSE,12,2018-01-30 18:28:15,0,Bug,REFAC,Yitong,Neil,REFAC,REFAC,FALSE,0
5e6bf1ad40fabd38b7b654a8fdc1f33d23f626e7,2018-03-30,crbug.com/692246,https://chromium-review.googlesource.com/1059859,8,27,1,2018-05-15 22:09:15,2018-05-16 12:08:57,FALSE,FALSE,17,2018-05-16 05:14:45,0,Bug,IMPR,Yitong,Neil,IMPR,IMPR,FALSE,0
9a1d5bc9750bccf0c7517a5e18656e27a2268d23,2018-03-26,crbug.com/818057,https://chromium-review.googlesource.com/982792,1,0,1,2018-03-27 22:42:02,2018-03-28 20:38:17,FALSE,FALSE,11,2018-03-28 05:16:35,0,Bug,RFE,Yitong,Neil,RFE,RFE,FALSE,0
76a6fb539e59835e9d6b8db80679321516d0676a,2017-12-05,crbug.com/769970,https://chromium-review.googlesource.com/809945,1,0,2,2017-12-05 23:20:48,2017-12-06 11:46:14,FALSE,FALSE,14,2017-12-05 23:39:27,0,NULL,NULL,Yitong,Neil,NULL,NULL,FALSE,0
dda94a2b581d7f51de1f139a52fce27c4e3b85d4,2018-02-05,crbug.com/807999,https://chromium-review.googlesource.com/901285,6,1,3,2018-02-05 10:28:33,2018-02-08 12:02:21,FALSE,FALSE,20,2018-02-07 19:21:12,0,Bug,RFE&REFAC,Yitong,Neil,REFAC,RFE,TRUE,0
a5e16421ac96789cc0677cfa49666e16ce3e3199,2017-11-20,crbug.com/605728,https://chromium-review.googlesource.com/780424,6,0,1,2017-11-21 02:21:45,2017-11-22 23:02:39,FALSE,FALSE,14,2017-11-21 02:46:15,0,NULL,NULL,Yitong,Neil,NULL,NULL,FALSE,0
5a7ef3e9ece5516350708ffeab67ef4c56f19c03,2018-03-28,crbug.com/757625,https://chromium-review.googlesource.com/985412,9,0,2,2018-03-28 23:23:54,2018-03-31 02:47:17,FALSE,FALSE,15,2018-03-30 16:17:57,0,Feature,RFE,Yitong,Neil,RFE,RFE,FALSE,2
7a228d98fbfe002c097f78edba8f9b0466873d7f,2017-11-03,crbug.com/707517,https://chromium-review.googlesource.com/753427,1,0,2,2017-11-04 00:13:07,2017-11-04 04:59:43,FALSE,FALSE,9,2017-11-04 00:55:48,0,Feature,RFE,Yitong,Neil,RFE,RFE,FALSE,0
2aad27eb5f821877573914a8ab0227c561b00729,2017-11-07,crbug.com/757625,https://chromium-review.googlesource.com/757869,18,2,3,2017-11-08 00:41:22,2017-11-21 11:24:05,FALSE,FALSE,29,2017-11-14 12:06:21,1,Feature,RFE,Yitong,Neil,RFE,RFE,FALSE,6
08d79bd213136ed4a46162a237d466ddaf687db9,2018-06-18,crbug.com/852035,https://chromium-review.googlesource.com/1105484,0,2,1,2018-06-19 00:00:02,2018-06-20 17:28:37,FALSE,FALSE,21,2018-06-19 00:25:30,0,Bug-Regression,BUG,Yitong,Neil,BUG,BUG,FALSE,0
eb8a4f0fa04251ba9550b10decf3bca5ae692e97,2018-07-09,crbug.com/793314,https://chromium-review.googlesource.com/1129141,2,0,2,2018-07-09 15:06:41,2018-07-18 17:26:50,FALSE,FALSE,9,2018-07-17 15:11:47,1,Bug,REFAC,Yitong,Neil,REFAC,REFAC,FALSE,1
20c5f3a897b78a51d9b92695a6f7d6a822304799,2018-02-22,crbug.com/782499,https://chromium-review.googlesource.com/930063,94,0,6,2018-02-22 00:01:19,2018-03-29 06:24:25,FALSE,FALSE,37,2018-03-28 16:50:21,0,Feature,RFE,Yitong,Neil,RFE,RFE,FALSE,20
96e8d9c00b3a71a8247005210b070a1e77cd645e,2018-06-18,crbug.com/625387,https://chromium-review.googlesource.com/1105395,4,0,7,2018-06-18 22:46:39,2018-08-05 19:34:41,FALSE,FALSE,22,2018-08-04 23:19:59,0,Bug,BUG,Yitong,Neil,BUG,BUG,FALSE,0
6fa31182334486858bf6f099af69e04913ace0dc,2018-01-25,crbug.com/805908,https://chromium-review.googlesource.com/886843,31,2,6,2018-01-25 15:39:30,2018-01-30 17:02:54,FALSE,FALSE,36,2018-01-30 13:16:15,1,Bug,BUG&RFE,Yitong,Neil,BUG&RFE,BUG,FALSE,8
ec4fa244a6150505ee606bbcdaa13ae08dce0c0c,2017-04-06,crbug.com/794010,https://chromium-review.googlesource.com/448976,41,0,8,2017-03-02 23:14:40,2018-02-22 03:52:32,FALSE,FALSE,47,2018-02-21 19:15:56,2,NULL,RFE,Yitong,Neil,RFE,RFE,FALSE,8
2eb1591999c70bd6721ee6cc6d87de36064185b0,2018-03-26,crbug.com/725692,https://chromium-review.googlesource.com/981906,14,0,3,2018-03-27 06:53:34,2018-03-28 23:42:45,FALSE,FALSE,28,2018-03-27 21:55:11,0,Feature,RFE,Yitong,Neil,RFE,RFE,FALSE,0
7abb6b1a7e3bc133dd76b1c959a0672de3678049,2018-02-06,crbug.com/809616,https://chromium-review.googlesource.com/904974,0,1,1,2018-02-06 19:05:14,2018-02-14 05:19:47,FALSE,FALSE,11,2018-02-06 19:11:22,0,Task,REFAC,Yitong,Neil,REFAC,REFAC,FALSE,0
6efcf8edae8ca4565482d7103f1958bea84a821b,2018-02-06,crbug.com/806119,https://chromium-review.googlesource.com/905869,7,19,2,2018-02-07 01:33:32,2018-02-08 09:25:58,FALSE,FALSE,10,2018-02-07 21:55:25,0,Bug,RFE,Yitong,Neil,RFE,RFE,FALSE,0
44ce1a4481012687a3dcb2ee37cebfc7e45f0576,2018-03-09,crbug.com/811138,https://chromium-review.googlesource.com/963484,0,3,1,2018-03-14 21:20:08,2018-03-16 00:59:16,FALSE,FALSE,21,2018-03-14 23:39:12,0,NULL,NULL,Yitong,Neil,NULL,NULL,FALSE,0
e20eb915eb1d9777bbcdcffb324ce92014cafa79,2018-02-21,crbug.com/808495,https://chromium-review.googlesource.com/929652,59,16,1,2018-02-21 20:50:26,2018-03-06 02:37:08,TRUE,FALSE,17,2018-03-05 22:00:50,1,Bug,REFAC,colin,Yitong,REFAC,REFAC,FALSE,2
dda79e2d9b306c408172d8aacb2ff3459e3bac6a,2018-06-28,crbug.com/794404,https://chromium-review.googlesource.com/1119573,44,47,5,2018-06-29 01:06:31,2018-07-10 01:00:15,TRUE,FALSE,29,2018-07-03 18:00:23,2,Feature,RFE,colin,Yitong,IMPR,IMPR,FALSE,20
5192fe54e9ea90c3831a4beb799b8f19a9d061d0,2017-08-28,crbug.com/762815,https://chromium-review.googlesource.com/674163,19,0,4,2017-09-20 00:24:18,2017-10-05 01:47:54,FALSE,FALSE,25,2017-10-03 22:11:31,1,Feature,IMPR,colin,Yitong,IMPR,IMPR,FALSE,8
a86b108fc604d296edbd3f6c158a17175ef6f9fe,2018-03-08,crbug.com/820243,https://chromium-review.googlesource.com/955679,29,8,2,2018-03-08 23:55:45,2018-03-23 21:56:12,TRUE,FALSE,12,2018-03-23 03:03:26,0,Bug,BUG,colin,Yitong,BUG,BUG,FALSE,0
cdeb6e60ad4837afff97a370b6ea39dc98146a36,2017-10-11,crbug.com/768461,https://chromium-review.googlesource.com/713540,45,35,9,2017-10-11 22:00:01,2017-11-01 00:35:05,TRUE,FALSE,27,2017-10-31 19:50:52,0,Bug,IMPR,colin,Yitong,RFE,RFE,TRUE,11
5a0a82c9aa2148a79b1909cec31a6649c2dfd99f,2018-07-16,crbug.com/858621,https://chromium-review.googlesource.com/1138983,392,0,16,2018-07-16 21:41:07,2018-08-07 08:59:44,TRUE,FALSE,44,2018-08-06 07:01:39,1,Feature,RFE,colin,Yitong,RFE,RFE,FALSE,87
667cf7b5b3d02cb38b786760c6c1764dfc758b85,2018-07-25,crbug.com/807976,https://chromium-review.googlesource.com/1150737,45,81,5,2018-07-25 21:41:31,2018-07-31 23:43:07,TRUE,FALSE,21,2018-07-30 18:15:30,0,Bug,IMPR,colin,Yitong,IMPR,IMPR,FALSE,2
77d7cbcef1ca1afd36720ec7ec74039b5445101e,2018-02-07,crbug.com/810184,https://chromium-review.googlesource.com/907223,27,12,2,2018-02-08 00:43:15,2018-02-09 07:50:05,TRUE,FALSE,15,2018-02-08 21:33:16,0,Bug,BUG,colin,Yitong,BUG,BUG,FALSE,2
baacb98b3031ebcbd81a788bf5bf054c69353320,2018-02-20,crbug.com/814090,https://chromium-review.googlesource.com/927827,74,1,9,2018-02-21 02:24:20,2018-04-03 19:51:24,FALSE,FALSE,37,2018-03-29 17:02:32,8,NULL,NULL,colin,Yitong,NULL,NULL,FALSE,22
d4bc462dc64e6ca07958e84a1ebca5ff97dbea4b,2018-08-30,crbug.com/878736,https://chromium-review.googlesource.com/1198533,24,22,1,2018-08-31 09:38:36,2018-08-31 22:11:00,TRUE,FALSE,9,2018-08-31 18:16:44,0,Feature,RFE,colin,Yitong,RFE,RFE,FALSE,0
abe4a775df7e9b7b8f09094988f6f1b42acc05a3,2018-07-26,crbug.com/867815,https://chromium-review.googlesource.com/1151902,9,30,3,2018-07-26 18:46:30,2018-07-27 19:15:30,TRUE,FALSE,27,2018-07-26 20:32:19,0,Bug,BUG,colin,Yitong,BUG,BUG,FALSE,2
ba51c3f54c88170d562c6e3af3f4820ee47aeb68,2018-04-25,crbug.com/814830,https://chromium-review.googlesource.com/932123,255,43,23,2018-02-22 18:34:21,2018-05-10 22:16:31,TRUE,FALSE,72,2018-05-09 18:00:33,2,NULL,NULL,colin,Yitong,NULL,NULL,FALSE,43
8ad22ba0765dc6351bfd59da8c43e06476b56c01,2017-10-11,crbug.com/768461,https://chromium-review.googlesource.com/713539,46,0,7,2017-10-11 22:00:01,2017-10-24 22:33:20,TRUE,FALSE,26,2017-10-23 22:44:50,2,Bug,IMPR,colin,Yitong,RFE,RFE,TRUE,9
ffb6d804bfeb671a793f781d17cd305499e83eef,2018-03-30,crbug.com/825065,https://chromium-review.googlesource.com/988296,6,2,3,2018-03-30 18:47:59,2018-04-03 23:15:47,FALSE,FALSE,15,2018-03-30 19:29:45,0,Bug,BUG,colin,Yitong,RFE,RFE,FALSE,0
80f4d4cefb5270960d17cd347d71594e97c7a954,2018-05-16,crbug.com/833980,https://chromium-review.googlesource.com/1062662,47,18,9,2018-05-16 20:38:15,2018-05-23 19:53:21,FALSE,FALSE,51,2018-05-22 23:53:51,6,Bug,BUG,colin,Yitong,RFE,RFE,FALSE,16
cd7edbe3eeff0b4379649eea8308c325882407ff,2017-09-18,crbug.com/766397,https://chromium-review.googlesource.com/672006,67,128,4,2017-09-19 00:14:04,2017-09-21 21:16:28,TRUE,FALSE,29,2017-09-20 02:51:45,1,Feature,IMPR,colin,Yitong,IMPR,IMPR,FALSE,5
f5a06d8e9f709824d768d7a15f1384668e7a4858,2017-10-19,crbug.com/776576,https://chromium-review.googlesource.com/729061,42,34,2,2017-10-19 23:44:46,2017-10-24 22:33:20,TRUE,FALSE,19,2017-10-23 22:44:10,2,NULL,NULL,colin,Yitong,NULL,NULL,FALSE,7
5ec5bd1fe2834ce417d335901d5eb7cc888bf1e3,2018-07-11,crbug.com/862679,https://chromium-review.googlesource.com/1133706,21,21,4,2018-07-11 18:04:55,2018-07-18 05:02:45,FALSE,FALSE,19,2018-07-11 18:49:23,0,Feature,REFAC,colin,Yitong,REFAC,REFAC,FALSE,0
0e0e354125bac76fdc8d4455ac1708ad21b61d64,2018-02-21,crbug.com/813036,https://chromium-review.googlesource.com/929321,74,2,7,2018-02-21 18:01:33,2018-03-27 21:59:02,TRUE,FALSE,34,2018-03-26 20:14:19,1,NULL,NULL,colin,Yitong,NULL,NULL,FALSE,3
acd7be816579a0c13ac6f746a2555b7c73f95a3b,2017-08-25,crbug.com/762815,https://chromium-review.googlesource.com/674164,379,0,7,2017-09-20 00:24:18,2017-10-05 20:25:30,TRUE,FALSE,41,2017-10-04 21:29:05,4,Feature,IMPR,colin,Yitong,IMPR,IMPR,FALSE,35
50dd2f03b827509c6f78cc4379d7f6c893517f6b,2018-07-19,crbug.com/865845,https://chromium-review.googlesource.com/1144642,369,0,2,2018-07-20 02:37:22,2018-07-24 04:11:16,FALSE,TRUE,21,2018-07-23 18:26:25,0,Bug,REFAC,colin,Yitong,REFAC,REFAC,FALSE,2
497044c5c35dd9c14282097fde5953dca27a67d3,2018-07-18,crbug.com/858621,https://chromium-review.googlesource.com/1141217,236,8,14,2018-07-18 00:05:43,2018-08-07 08:59:44,TRUE,FALSE,34,2018-08-06 07:03:43,0,Feature,RFE,colin,Yitong,RFE,RFE,FALSE,28
d3f4bea600867b4ee85074869d723ba070db0ae7,2018-04-30,crbug.com/807976,https://chromium-review.googlesource.com/1065113,624,692,24,2018-05-17 22:51:05,2018-07-25 07:21:01,TRUE,FALSE,69,2018-07-24 00:26:54,20,Bug,IMPR,colin,Yitong,IMPR,IMPR,FALSE,73
f7006be5079ed91c93223273f3ddb69d655ba858,2018-03-07,crbug.com/806613,https://chromium-review.googlesource.com/952378,0,2,1,2018-01-29 00:08:23,2018-03-07 18:22:20,FALSE,FALSE,8,2018-01-29 00:28:53,0,Bug,BUG,colin,Yitong,BUG,BUG,FALSE,0
94ffe135dd1956d5abf3bdf41503d3d32c15be3b,2018-06-28,crbug.com/852860,https://chromium-review.googlesource.com/1119397,808,1,23,2018-06-28 23:23:06,2018-07-25 07:21:01,TRUE,FALSE,80,2018-07-24 19:56:58,3,Bug,RFE,colin,Yitong,RFE,RFE,FALSE,178
717c324c334cc3bac954101f7a127fe8ef56e4e6,2017-10-12,crbug.com/758792,https://chromium-review.googlesource.com/811895,30,8,5,2017-12-06 20:22:22,2017-12-15 17:45:08,TRUE,FALSE,23,2017-12-13 17:34:04,0,Feature,RFE,colin,Yitong,RFE,RFE,FALSE,8
7a7a08251e2e177d17b899a99e7a3ae2592be7e6,2018-07-27,crbug.com/852860,https://chromium-review.googlesource.com/1153624,17,18,2,2018-07-27 20:43:00,2018-07-31 06:15:21,TRUE,FALSE,15,2018-07-27 21:15:01,0,Bug,RFE,colin,Yitong,RFE,RFE,FALSE,2
5d95615688e7c99644b3679129d91f0c38e2eb95,2018-05-15,crbug.com/814090,https://chromium-review.googlesource.com/1059944,24,24,1,2018-05-15 16:47:26,2018-05-16 19:43:14,TRUE,FALSE,17,2018-05-15 17:01:10,0,NULL,NULL,colin,Yitong,RFE,NULL,FALSE,0
ae85374770d4492d28e62d792824eea55349c981,2017-10-11,crbug.com/773336,https://chromium-review.googlesource.com/713463,13,7,3,2017-10-11 17:31:35,2017-10-16 21:16:32,TRUE,FALSE,31,2017-10-16 15:58:48,0,Bug,BUG,colin,Yitong,BUG,BUG,FALSE,0
8f6f243f8c77b7798d67fe24b0dffaa28ab71f82,2018-05-16,crbug.com/840432,https://chromium-review.googlesource.com/1062766,71,2,4,2018-05-16 21:01:04,2018-06-13 20:10:56,FALSE,FALSE,14,2018-06-12 17:08:32,2,NULL,NULL,colin,Yitong,NULL,NULL,FALSE,7
915022393f724fbfaa601bda131c771ee7570f76,2018-04-13,crbug.com/831815,https://chromium-review.googlesource.com/1012761,6,4,3,2018-04-13 19:59:11,2018-04-18 00:34:38,FALSE,FALSE,25,2018-04-16 17:04:47,0,NULL,NULL,colin,Yitong,NULL,NULL,FALSE,4
da851450dfc625719754af022c38f91a97838c93,2018-02-13,crbug.com/810184,https://chromium-review.googlesource.com/917306,2,2,1,2018-02-13 23:07:55,2018-03-07 01:25:11,FALSE,FALSE,24,2018-02-22 15:30:09,0,Bug,BUG,colin,Yitong,BUG,BUG,FALSE,0
6be716878b4027e6c2617bb7c3ce2c877331d1d2,2017-12-01,crbug.com/791079,https://chromium-review.googlesource.com/803656,9,1,3,2017-12-01 18:49:13,2017-12-05 03:41:04,FALSE,FALSE,15,2017-12-01 23:47:44,0,Bug,BUG,colin,Yitong,BUG,BUG,FALSE,0
76af266b36c5be01e819e7cd01f9cf19a72ccaa9,2018-05-15,crbug.com/814090,https://chromium-review.googlesource.com/1060288,3,3,1,2018-05-15 19:58:28,2018-05-16 19:43:14,FALSE,FALSE,16,2018-05-15 20:04:45,0,NULL,NULL,colin,Yitong,NULL,NULL,FALSE,0
9614350fdecd73ded555d6ea06097c70416575af,2018-06-13,crbug.com/852860,https://chromium-review.googlesource.com/1101468,36,0,3,2018-06-14 18:26:16,2018-06-16 05:21:26,TRUE,FALSE,17,2018-06-15 21:32:17,0,Bug,RFE,colin,Yitong,RFE,RFE,FALSE,4
8b936f277f447d53e1c578d22bc7171a939473c7,2018-06-15,crbug.com/853161,https://chromium-review.googlesource.com/1102509,94,70,4,2018-06-15 14:52:22,2018-06-20 21:26:08,TRUE,FALSE,23,2018-06-19 17:10:31,0,NULL,NULL,colin,Yitong,NULL,NULL,FALSE,10
0ff621cf717cd3c98461d217c857352cb6dae88a,2018-07-13,crbug.com/840432,https://chromium-review.googlesource.com/1123106,209,33,10,2018-07-02 19:16:00,2018-07-17 16:10:05,TRUE,FALSE,32,2018-07-16 18:33:48,4,NULL,NULL,colin,Yitong,NULL,NULL,FALSE,39
b7f45dfcc72b1cfed2432cf30b36d815ff1af0d4,2017-09-08,crbug.com/762328,https://chromium-review.googlesource.com/658609,5,1,1,2017-09-09 03:43:29,2017-09-12 17:32:33,FALSE,FALSE,27,2017-09-09 17:13:27,0,Feature,IMPR,colin,Yitong,IMPR,IMPR,FALSE,0
b05a65a748bd2e2542e7b05f629d3bc69c8d8135,2017-12-18,crbug.com/796338,https://chromium-review.googlesource.com/834875,96,136,3,2017-12-19 22:22:41,2018-10-02 21:13:04,TRUE,FALSE,21,2018-01-04 01:13:35,1,Bug,IMPR,colin,Yitong,REFAC,IMPR,TRUE,6
cb2da0df4382f546efd4269851ce814842a4b7fd,2018-01-28,crbug.com/806613,https://chromium-review.googlesource.com/890384,2,0,1,2018-01-29 00:08:23,2018-03-07 18:22:20,FALSE,FALSE,8,2018-01-29 00:28:53,0,Bug,BUG,colin,Yitong,BUG,BUG,FALSE,0
a548902f8e836b280439d69eaea16c85a3032237,2018-01-26,crbug.com/794404,https://chromium-review.googlesource.com/888546,4,186,2,2018-01-26 19:30:04,2018-01-30 00:41:17,TRUE,FALSE,11,2018-01-29 19:50:32,0,Feature,RFE,colin,Yitong,IMPR,IMPR,FALSE,2
b220d669d465377e2bb55a37a7028c72d93dcef3,2018-07-10,crbug.com/794404,https://chromium-review.googlesource.com/1132843,15,14,3,2018-07-11 06:59:01,2018-07-12 01:49:55,FALSE,FALSE,21,2018-07-11 16:26:55,0,Feature,RFE,colin,Yitong,IMPR,IMPR,FALSE,0
02855c25944b8d64e569e9e8051be514acf40438,2017-09-06,crbug.com/717785,https://chromium-review.googlesource.com/658297,203,2,22,2017-09-08 21:11:13,2017-11-08 01:53:37,TRUE,FALSE,56,2017-11-03 23:38:57,4,NULL,NULL,colin,Yitong,NULL,NULL,FALSE,27
6479359a91e0082646a520a846fa606beca3ba21,2018-04-20,crbug.com/831815,https://chromium-review.googlesource.com/1022737,4,1,3,2018-04-20 21:37:51,2018-04-24 20:31:40,FALSE,FALSE,13,2018-04-23 17:52:06,0,NULL,NULL,colin,Yitong,NULL,NULL,FALSE,4
9fd76b6b1dc4a80f8464427e981220c29abc1d66,2017-12-11,crbug.com/764337,https://chromium-review.googlesource.com/819412,34,30,6,2017-12-11 14:26:04,2017-12-14 18:18:49,FALSE,TRUE,32,2017-12-14 17:59:21,1,Bug,BUG,colin,Yitong,RFE,RFE,FALSE,6
fdc488d61200fd3445033c61b01c3d6ddfa46bb2,2018-07-19,crbug.com/865845,https://chromium-review.googlesource.com/1144643,136,146,4,2018-07-20 02:37:22,2018-07-24 04:11:16,FALSE,TRUE,30,2018-07-20 21:36:56,1,Bug,REFAC,colin,Yitong,REFAC,REFAC,FALSE,4
e58bddb7f6708f1f9248fad7ee7896a4aeb435c0,2018-04-10,crbug.com/831266,https://chromium-review.googlesource.com/1005181,197,3,10,2018-04-10 18:48:12,2018-04-24 09:59:42,TRUE,FALSE,45,2018-04-19 17:20:19,0,NULL,NULL,colin,Yitong,NULL,NULL,FALSE,16
ab5a0af8e6ebac0211da5b08010e4855ce463108,2017-10-12,crbug.com/769107,https://chromium-review.googlesource.com/716826,31,32,1,2017-10-12 21:59:00,2017-10-28 16:42:47,TRUE,FALSE,18,2017-10-13 00:35:20,0,Bug,IMPR,colin,Yitong,IMPR,IMPR,FALSE,0
e7f1ac4f4c25c2af535efdb684037fa283098b0f,2018-02-13,crbug.com/810184,https://chromium-review.googlesource.com/917306,2,2,1,2018-02-13 23:07:55,2018-03-07 01:25:11,FALSE,FALSE,24,2018-02-22 15:30:09,0,Bug,BUG,colin,Yitong,BUG,BUG,FALSE,0
d7da8f4118c10d00d02b6274edd2f88971a6cb22,2017-08-23,crbug.com/767120,https://chromium-review.googlesource.com/636105,742,16,23,2017-08-25 19:02:17,2017-10-07 04:35:23,TRUE,FALSE,111,2017-10-03 05:08:30,8,Feature,RFE,colin,Yitong,RFE,RFE,FALSE,83
efa62d959cf8f225477ab85d8ff42d5150007cf8,2017-11-09,crbug.com/783437,https://chromium-review.googlesource.com/764791,109,48,6,2017-11-10 22:16:09,2017-11-27 18:04:19,TRUE,FALSE,27,2017-11-22 17:58:35,5,Feature,RFE,colin,Yitong,RFE,RFE,FALSE,24
d3a1e35bdfd412311998135dc8536a314c1078e5,2018-07-16,crbug.com/858621,https://chromium-review.googlesource.com/1138741,45,11,4,2018-07-16 18:47:03,2018-07-18 08:40:53,TRUE,FALSE,23,2018-07-17 18:51:39,0,Feature,RFE,colin,Yitong,RFE,RFE,FALSE,12
0882a5198b58173044e8b4b28eb4d30b1bcfe230,2018-04-05,crbug.com/807976,https://chromium-review.googlesource.com/1011244,223,67,14,2018-04-12 20:57:55,2018-07-26 02:49:33,TRUE,FALSE,50,2018-07-25 20:43:58,5,Bug,IMPR,colin,Yitong,IMPR,IMPR,FALSE,30
3cd4df127c29eb90c0e203373edfbc9534c79169,2017-08-25,crbug.com/767120,https://chromium-review.googlesource.com/658298,492,44,32,2017-09-08 21:11:13,2017-11-07 01:27:47,TRUE,FALSE,70,2017-11-03 23:13:39,14,Feature,RFE,colin,Yitong,RFE,RFE,FALSE,79
a03026822db430d22d56982696deda1fd3168e6c,2018-05-16,crbug.com/843622,https://chromium-review.googlesource.com/1062033,270,4,10,2018-05-16 16:58:40,2018-06-02 01:17:02,TRUE,FALSE,46,2018-05-29 20:53:52,0,NULL,NULL,colin,Yitong,NULL,NULL,FALSE,34
7bc9c02869b90a5876bd74a97693a866f1c5ea5e,2017-11-07,crbug.com/782448,https://chromium-review.googlesource.com/756940,2,2,4,2017-11-07 22:43:49,2017-11-28 06:53:09,FALSE,FALSE,31,2017-11-27 21:10:54,0,NULL,NULL,colin,Yitong,NULL,NULL,FALSE,0
90c57d7d59e350065da2dc973d359c28f613e95c,2018-02-07,crbug.com/810184,https://chromium-review.googlesource.com/907223,27,12,2,2018-02-08 00:43:15,2018-02-09 07:50:05,TRUE,FALSE,15,2018-02-08 21:33:16,0,Bug,BUG,colin,Yitong,BUG,BUG,FALSE,2
71818c8409812c5a08124627c19aa8ea0625a72e,2018-03-06,crbug.com/815356,https://chromium-review.googlesource.com/965266,23,32,3,2018-03-15 22:52:28,2018-03-19 21:21:51,TRUE,FALSE,11,2018-03-19 17:52:49,0,Task,OTHER,colin,Yitong,OTHER,OTHER,FALSE,0
a6f74d62033fb0291aa1d135fef640e26ffffab5,2017-10-13,crbug.com/774689,https://chromium-review.googlesource.com/719772,11,0,1,2017-10-13 23:38:58,2017-10-14 19:37:59,FALSE,FALSE,16,2017-10-14 00:12:22,0,Bug,BUG,colin,Yitong,BUG,BUG,FALSE,0
e79eab633e42036e5aab62a69f31347127f136d1,2018-03-06,crbug.com/815356,https://chromium-review.googlesource.com/965265,2,0,3,2018-03-15 22:52:28,2018-03-17 01:34:43,FALSE,FALSE,11,2018-03-16 21:43:23,0,Task,OTHER,colin,Yitong,OTHER,OTHER,FALSE,0
2a14d41ca514eca784b7b065791eaf97685caad8,2018-05-31,crbug.com/808495,https://chromium-review.googlesource.com/1085547,1,1,1,2018-06-04 17:21:41,2018-06-13 04:51:53,FALSE,FALSE,18,2018-06-11 21:19:30,0,Bug,REFAC,colin,Yitong,REFAC,REFAC,FALSE,4
99ced78e2e5d6ad70c6cd274300f42b9a56a65b1,2018-05-08,crbug.com/840432,https://chromium-review.googlesource.com/1049667,32,0,3,2018-05-08 11:10:03,2018-05-09 21:43:34,FALSE,FALSE,10,2018-05-08 21:44:15,0,NULL,NULL,colin,Yitong,NULL,NULL,FALSE,0
ffbfdfb05d3ce4e9fe03aa103b63532870981771,2018-05-30,crbug.com/843622,https://chromium-review.googlesource.com/1078968,112,7,4,2018-05-30 12:52:58,2018-06-02 01:17:51,TRUE,FALSE,21,2018-05-31 13:11:20,0,NULL,NULL,colin,Yitong,NULL,NULL,FALSE,2
d9cb290966a77730010aa01f0db675c157cd5c8f,2017-09-20,crbug.com/762815,https://chromium-review.googlesource.com/683357,84,17,12,2017-09-26 00:16:58,2018-01-03 22:26:56,FALSE,FALSE,33,2017-12-17 04:53:11,0,Feature,IMPR,colin,Yitong,IMPR,IMPR,FALSE,8
b432db81adf13012d4f1292162691b87726679bd,2018-06-29,crbug.com/794404,https://chromium-review.googlesource.com/1121100,66,16,17,2018-06-29 20:37:27,2018-07-18 05:02:45,FALSE,FALSE,44,2018-07-17 00:30:48,1,Feature,RFE,colin,Yitong,IMPR,IMPR,FALSE,21
31aefb9f77cb237594e7af599b32ec93df9f20fd,2018-08-29,crbug.com/878736,https://chromium-review.googlesource.com/1194229,39,1,1,2018-08-29 14:23:54,2018-08-31 07:30:23,TRUE,FALSE,19,2018-08-29 23:13:23,0,Feature,RFE,colin,Yitong,RFE,RFE,FALSE,4
20262ad1d3f8d620b7227fd8d9e13938243ce32f,2018-08-06,crbug.com/852860,https://chromium-review.googlesource.com/1164527,7,4,5,2018-08-06 23:49:14,2018-08-11 05:54:00,FALSE,FALSE,26,2018-08-10 19:21:38,1,Bug,RFE,colin,Yitong,RFE,RFE,FALSE,5
b4778293c31e2e16f60c245e2a2cf3f63151d52d,2018-05-21,crbug.com/845614,https://chromium-review.googlesource.com/1069527,18,11,3,2018-05-22 20:01:37,2018-06-05 00:28:36,FALSE,FALSE,12,2018-06-01 14:22:23,0,Bug,REFAC,colin,Yitong,REFAC,REFAC,FALSE,0
89afe86b007d21d11f3d4b6e139d300b411d2e17,2018-03-20,crbug.com/821283,https://chromium-review.googlesource.com/970002,0,3,2,2018-03-20 02:19:18,2018-03-23 15:46:33,FALSE,FALSE,19,2018-03-22 23:45:13,0,Bug,IMPR,colin,Yitong,IMPR,IMPR,FALSE,2
afd8cea0060751f969f7d4d20b4c4100ff37626d,2017-12-04,crbug.com/786225,https://chromium-review.googlesource.com/791515,32,2,9,2017-11-27 19:45:08,2017-12-19 04:38:19,FALSE,FALSE,43,2017-12-17 04:52:51,0,Bug,BUG,colin,Yitong,BUG,BUG,FALSE,19
f1d6ceaedbcf81044d6af6b716c63ed79996f0a4,2017-12-07,crbug.com/758792,https://chromium-review.googlesource.com/823227,72,12,3,2017-12-12 22:35:41,2017-12-15 17:45:49,TRUE,FALSE,29,2017-12-14 18:54:10,0,Bug,RFE,colin,Yitong,RFE,RFE,FALSE,8
68512d42cc9e750f3d6690c27cbd13740a8af142,2018-07-31,crbug.com/868520,https://chromium-review.googlesource.com/1157923,8,8,1,2018-08-01 07:10:14,2018-08-02 21:00:55,FALSE,TRUE,14,2018-08-01 19:47:04,0,Bug,BUG,colin,Yitong,BUG,BUG,FALSE,0
0de7f7847ff2a101a905b75d2ed0867d5ac8fba7,2017-12-07,crbug.com/758792,https://chromium-review.googlesource.com/872124,80,12,2,2018-01-18 00:28:00,2018-01-23 09:51:44,TRUE,FALSE,26,2018-01-18 22:42:52,1,Feature,RFE,colin,Yitong,RFE,RFE,FALSE,5
b9e91efc7f9b5bb7cb839e9c50c5969eb0f824e8,2017-12-19,crbug.com/796338,https://chromium-review.googlesource.com/834873,28,0,2,2017-12-19 22:22:41,2018-01-03 02:37:57,FALSE,TRUE,14,2018-01-02 19:40:19,1,Bug,IMPR,colin,Yitong,REFAC,IMPR,TRUE,4
c288206aac04194cbeca0338c032283a0869e810,2018-05-14,crbug.com/831266,https://chromium-review.googlesource.com/1057617,41,7,2,2018-05-14 15:31:45,2018-05-15 04:32:50,TRUE,FALSE,10,2018-05-14 17:07:11,0,NULL,NULL,colin,Yitong,NULL,NULL,FALSE,0
cf5f1f1420b472477317b0ea0fa7f6456d2605cf,2017-10-02,crbug.com/771386,https://chromium-review.googlesource.com/698964,34,404,4,2017-10-03 20:17:17,2017-10-10 03:10:39,TRUE,FALSE,41,2017-10-04 18:16:43,0,Feature,RFE,colin,Yitong,RFE,RFE,FALSE,7
0eae427a1dac5d2896a388e5a94aad5b52079371,2018-06-01,crbug.com/848486,https://chromium-review.googlesource.com/1082979,5,8,1,2018-06-01 18:47:38,2018-06-11 16:56:40,FALSE,FALSE,10,2018-06-04 16:05:48,0,Bug,BUG,colin,Yitong,BUG,BUG,FALSE,0
840703a4cc77228e2606f45665ae3a4bd75ff7dd,2018-01-04,crbug.com/799185,https://chromium-review.googlesource.com/851733,22,6,3,2018-01-05 04:47:38,2018-01-06 05:15:02,TRUE,FALSE,25,2018-01-05 22:42:06,0,Bug,BUG,colin,Yitong,BUG,BUG,FALSE,9
2abda314107852176a85008cb94953abbb7f909d,2018-04-24,crbug.com/221851,https://chromium-review.googlesource.com/1026112,397,605,4,2018-04-24 16:24:38,2018-04-26 06:07:52,TRUE,FALSE,27,2018-04-25 17:20:29,0,Bug,REFAC,colin,Yitong,REFAC,REFAC,FALSE,16
6d2c71e261e331def8d41caea5a254f6312ece76,2018-02-02,crbug.com/808686,https://chromium-review.googlesource.com/899512,1,1,2,2018-02-03 00:01:44,2018-02-03 12:44:47,FALSE,TRUE,15,2018-02-03 00:17:29,2,Bug,BUG,colin,Yitong,BUG,BUG,FALSE,2
0c51cbf2c23b791f2d367e66bb245d95b168b51b,2017-08-23,crbug.com/753892,https://chromium-review.googlesource.com/630478,3,0,2,2017-08-23 22:33:54,2017-08-24 04:20:54,FALSE,FALSE,10,2017-08-23 23:15:52,0,Bug,RFE,colin,Yitong,BUG,BUG,FALSE,0
924183b4ec3a66a36e681b2737472cf7bc6b6d68,2017-09-27,crbug.com/767120,https://chromium-review.googlesource.com/636106,304,2,25,2017-08-25 19:02:17,2017-10-16 21:16:32,TRUE,FALSE,66,2017-10-12 21:45:37,4,Feature,RFE,colin,Yitong,RFE,RFE,FALSE,48
199152d68931cbbffa8b4e3cb34b2ef70c19e8b6,2018-05-07,crbug.com/840432,https://chromium-review.googlesource.com/1047610,226,18,9,2018-05-07 17:15:51,2018-05-14 22:35:08,TRUE,FALSE,43,2018-05-14 16:51:20,1,NULL,NULL,colin,Yitong,NULL,NULL,FALSE,18
52b6039e9c79c20786793e2d1215e20b258f2284,2017-12-19,crbug.com/796338,https://chromium-review.googlesource.com/834876,161,159,6,2017-12-19 22:22:41,2018-01-24 01:47:26,FALSE,FALSE,18,2018-01-23 01:38:39,2,Bug,IMPR,colin,Yitong,REFAC,IMPR,TRUE,7
43900aea4dc349faa12d60ba74d363640023719f,2017-10-12,crbug.com/758792,https://chromium-review.googlesource.com/872125,30,8,2,2018-01-18 00:28:00,2018-01-26 03:29:45,TRUE,FALSE,10,2018-01-25 18:22:15,0,Feature,RFE,colin,Yitong,RFE,RFE,FALSE,0
5c8c627ba7e5f9e291cd9f060e04c9b4bb4e759c,2018-06-20,crbug.com/794404,https://chromium-review.googlesource.com/1108960,7,4,16,2018-06-20 21:40:34,2018-07-18 05:02:45,FALSE,FALSE,39,2018-07-03 22:25:48,0,Feature,RFE,colin,Yitong,IMPR,IMPR,FALSE,0
0dbf1f9b946a11a76116322d5603d0f11a206dc5,2018-07-19,crbug.com/852860,https://chromium-review.googlesource.com/1144435,224,74,15,2018-07-19 22:50:58,2018-07-26 02:49:33,TRUE,FALSE,43,2018-07-25 17:09:13,0,Feature,RFE,colin,Yitong,RFE,RFE,FALSE,43
db56be971d5c1adb405858e24ca772b5f3290099,2017-09-06,crbug.com/761138,https://chromium-review.googlesource.com/653478,65,69,12,2017-09-06 19:56:52,2017-12-06 23:34:35,TRUE,FALSE,61,2017-09-21 23:36:08,3,Bug,REFAC,colin,Yitong,RFE,REFAC,TRUE,12
0cd9d7785f1cd56116b0f536e126481e9a5e5374,2018-07-31,crbug.com/868520,https://chromium-review.googlesource.com/1158124,60,41,3,2018-08-01 07:10:14,2018-08-02 21:00:55,TRUE,FALSE,17,2018-08-01 21:03:11,0,Bug,BUG,colin,Yitong,BUG,BUG,FALSE,2
421ff33ee91186014c37abc7b6d8fa075074d894,2017-04-17,crbug.com/815356,https://chromium-review.googlesource.com/965267,486,127,7,2018-03-15 22:52:28,2018-03-19 21:21:51,TRUE,FALSE,28,2018-03-19 17:55:25,1,Task,OTHER,colin,Yitong,OTHER,OTHER,FALSE,7
a3fc20af5ea6b75c568122065f487b23aaabf1d2,2017-09-19,crbug.com/762815,https://chromium-review.googlesource.com/674165,15,4,10,2017-09-20 00:24:18,2017-10-10 05:25:25,FALSE,FALSE,25,2017-10-10 00:31:45,1,Feature,IMPR,colin,Yitong,IMPR,IMPR,FALSE,8
672c1f54a499a825cc0bb9bc4f240bf1887550d9,2017-10-23,crbug.com/777011,https://chromium-review.googlesource.com/735213,59,59,1,2017-10-24 06:31:06,2017-10-24 22:33:20,FALSE,TRUE,10,2017-10-24 16:25:14,0,Bug,REFAC,colin,Yitong,REFAC,REFAC,FALSE,0
04df23ae35c562a5c29ca45bea3ec5c029fefe8e,2018-03-29,crbug.com/703229,https://chromium-review.googlesource.com/987325,38,40,1,2018-03-30 01:16:08,2018-03-30 18:39:29,TRUE,FALSE,13,2018-03-30 01:24:40,0,Task,REFAC,colin,Yitong,REFAC,REFAC,FALSE,0
1f899d57c3d10f10f2d1324c116d3edd73ed6d7d,2018-02-27,crbug.com/814090,https://chromium-review.googlesource.com/940567,284,1,16,2018-02-28 00:14:58,2018-04-26 20:10:14,TRUE,FALSE,49,2018-04-26 13:04:22,4,NULL,NULL,colin,Yitong,NULL,NULL,FALSE,24
ee6d9a1067175ab94de080feaf4db937eda43442,2017-08-31,crbug.com/761138,https://chromium-review.googlesource.com/651336,353,0,12,2017-09-05 22:54:56,2017-09-25 22:56:09,TRUE,FALSE,64,2017-09-25 20:14:59,2,Bug,REFAC,colin,Yitong,RFE,REFAC,TRUE,54
000dfa21a3b140edc86c3b70aa0e683e74d1eadd,2018-02-21,crbug.com/813036,https://chromium-review.googlesource.com/928723,118,0,12,2018-02-21 13:39:17,2018-03-27 03:20:31,TRUE,FALSE,40,2018-03-26 21:00:48,1,NULL,NULL,colin,Yitong,NULL,NULL,FALSE,28
a8859544800a383dcad8bd9d2196523a68d5497e,2018-03-07,crbug.com/818834,https://chromium-review.googlesource.com/954327,24,0,7,2018-03-08 00:31:38,2018-03-24 00:32:07,FALSE,FALSE,50,2018-03-23 18:16:33,2,Bug,BUG,colin,Yitong,REFAC,BUG,TRUE,18
e0b952199bb0609721151b81618ec6ee936d88cd,2018-03-29,crbug.com/813036,https://chromium-review.googlesource.com/985983,42,0,13,2018-03-29 13:14:30,2018-04-24 09:50:08,TRUE,FALSE,66,2018-04-16 22:36:15,0,NULL,NULL,colin,Yitong,NULL,NULL,FALSE,37